id,location,type
1,lego_pictures/pic_001.JPG,1x2-Block
2,lego_pictures/pic_002.JPG,1x2-Block
3,lego_pictures/pic_003.JPG,1x2-Block
4,lego_pictures/pic_004.JPG,1x2-Block
5,lego_pictures/pic_005.JPG,1x2-Block
6,lego_pictures/pic_006.JPG,1x2-Block
7,lego_pictures/pic_007.JPG,1x2-Block
8,lego_pictures/pic_008.JPG,1x2-Block
9,lego_pictures/pic_009.JPG,1x2-Block
10,lego_pictures/pic_010.JPG,1x2-Block
11,lego_pictures/pic_011.JPG,1x2-Block
12,lego_pictures/pic_012.JPG,1x2-Block
13,lego_pictures/pic_013.JPG,1x2-Block
14,lego_pictures/pic_014.JPG,1x2-Block
15,lego_pictures/pic_015.JPG,1x2-Block
16,lego_pictures/pic_016.JPG,1x2-Block
17,lego_pictures/pic_017.JPG,1x2-Block
18,lego_pictures/pic_018.JPG,1x2-Block
19,lego_pictures/pic_019.JPG,1x2-Block
20,lego_pictures/pic_020.JPG,1x2-Block
21,lego_pictures/pic_021.JPG,1x2-Block
22,lego_pictures/pic_022.JPG,1x2-Block
23,lego_pictures/pic_023.JPG,1x2-Block
24,lego_pictures/pic_024.JPG,1x2-Block
25,lego_pictures/pic_025.JPG,1x2-Block
26,lego_pictures/pic_026.JPG,1x2-Block
27,lego_pictures/pic_027.JPG,1x2-Block
28,lego_pictures/pic_028.JPG,1x2-Block
29,lego_pictures/pic_029.JPG,1x2-Block
30,lego_pictures/pic_030.JPG,1x2-Block
31,lego_pictures/pic_031.JPG,1x2-Block
32,lego_pictures/pic_032.JPG,1x2-Block
33,lego_pictures/pic_033.JPG,1x2-Block
34,lego_pictures/pic_034.JPG,1x2-Block
35,lego_pictures/pic_035.JPG,1x2-Block
36,lego_pictures/pic_036.JPG,1x2-Block
37,lego_pictures/pic_037.JPG,1x2-Block
38,lego_pictures/pic_038.JPG,1x2-Block
39,lego_pictures/pic_039.JPG,1x2-Block
40,lego_pictures/pic_040.JPG,1x2-Block
41,lego_pictures/pic_041.JPG,1x2-Block
42,lego_pictures/pic_042.JPG,1x2-Block
43,lego_pictures/pic_043.JPG,1x2-Block
44,lego_pictures/pic_044.JPG,1x2-Block
45,lego_pictures/pic_045.JPG,1x2-Block
46,lego_pictures/pic_046.JPG,1x2-Block
47,lego_pictures/pic_047.JPG,1x2-Block
48,lego_pictures/pic_048.JPG,1x2-Block
49,lego_pictures/pic_049.JPG,1x2-Block
50,lego_pictures/pic_050.JPG,1x2-Block
51,lego_pictures/pic_051.JPG,1x2-Block
52,lego_pictures/pic_052.JPG,1x2-Block
53,lego_pictures/pic_053.JPG,1x2-Block
54,lego_pictures/pic_054.JPG,1x2-Block
55,lego_pictures/pic_055.JPG,1x2-Block
56,lego_pictures/pic_056.JPG,1x2-Block
57,lego_pictures/pic_057.JPG,1x2-Block
58,lego_pictures/pic_058.JPG,1x2-Block
59,lego_pictures/pic_059.JPG,1x2-Block
60,lego_pictures/pic_060.JPG,1x2-Block
61,lego_pictures/pic_061.JPG,1x4-Block
62,lego_pictures/pic_062.JPG,1x4-Block
63,lego_pictures/pic_063.JPG,1x4-Block
64,lego_pictures/pic_064.JPG,1x4-Block
65,lego_pictures/pic_065.JPG,1x4-Block
66,lego_pictures/pic_066.JPG,1x4-Block
67,lego_pictures/pic_067.JPG,1x4-Block
68,lego_pictures/pic_068.JPG,1x4-Block
69,lego_pictures/pic_069.JPG,1x4-Block
70,lego_pictures/pic_070.JPG,1x4-Block
71,lego_pictures/pic_071.JPG,1x4-Block
72,lego_pictures/pic_072.JPG,1x4-Block
73,lego_pictures/pic_073.JPG,1x4-Block
74,lego_pictures/pic_074.JPG,1x4-Block
75,lego_pictures/pic_075.JPG,1x4-Block
76,lego_pictures/pic_076.JPG,1x4-Block
77,lego_pictures/pic_077.JPG,1x4-Block
78,lego_pictures/pic_078.JPG,1x4-Block
79,lego_pictures/pic_079.JPG,1x4-Block
80,lego_pictures/pic_080.JPG,1x4-Block
81,lego_pictures/pic_081.JPG,1x4-Block
82,lego_pictures/pic_082.JPG,1x4-Block
83,lego_pictures/pic_083.JPG,1x4-Block
84,lego_pictures/pic_084.JPG,1x4-Block
85,lego_pictures/pic_085.JPG,1x4-Block
86,lego_pictures/pic_086.JPG,1x4-Block
87,lego_pictures/pic_087.JPG,1x4-Block
88,lego_pictures/pic_088.JPG,1x4-Block
89,lego_pictures/pic_089.JPG,1x4-Block
90,lego_pictures/pic_090.JPG,1x4-Block
91,lego_pictures/pic_091.JPG,1x4-Block
92,lego_pictures/pic_092.JPG,1x4-Block
93,lego_pictures/pic_093.JPG,1x4-Block
94,lego_pictures/pic_094.JPG,1x4-Block
95,lego_pictures/pic_095.JPG,1x4-Block
96,lego_pictures/pic_096.JPG,1x4-Block
97,lego_pictures/pic_097.JPG,1x4-Block
98,lego_pictures/pic_098.JPG,1x4-Block
99,lego_pictures/pic_099.JPG,1x4-Block
100,lego_pictures/pic_100.JPG,1x4-Block
101,lego_pictures/pic_101.JPG,1x4-Block
102,lego_pictures/pic_102.JPG,1x4-Block
103,lego_pictures/pic_103.JPG,1x4-Block
104,lego_pictures/pic_104.JPG,1x4-Block
105,lego_pictures/pic_105.JPG,1x4-Block
106,lego_pictures/pic_106.JPG,1x4-Block
107,lego_pictures/pic_107.JPG,1x4-Block
108,lego_pictures/pic_108.JPG,1x4-Block
109,lego_pictures/pic_109.JPG,1x4-Block
110,lego_pictures/pic_110.JPG,1x4-Block
111,lego_pictures/pic_111.JPG,1x4-Block
112,lego_pictures/pic_112.JPG,1x4-Block
113,lego_pictures/pic_113.JPG,1x4-Block
114,lego_pictures/pic_114.JPG,1x4-Block
115,lego_pictures/pic_115.JPG,1x4-Block
116,lego_pictures/pic_116.JPG,1x4-Block
117,lego_pictures/pic_117.JPG,1x4-Block
118,lego_pictures/pic_118.JPG,1x4-Block
119,lego_pictures/pic_119.JPG,1x4-Block
120,lego_pictures/pic_120.JPG,1x4-Block
121,lego_pictures/pic_121.JPG,Wheel
122,lego_pictures/pic_122.JPG,Wheel
123,lego_pictures/pic_123.JPG,Wheel
124,lego_pictures/pic_124.JPG,Wheel
125,lego_pictures/pic_125.JPG,Wheel
126,lego_pictures/pic_126.JPG,Wheel
127,lego_pictures/pic_127.JPG,Wheel
128,lego_pictures/pic_128.JPG,Wheel
129,lego_pictures/pic_129.JPG,Wheel
130,lego_pictures/pic_130.JPG,Wheel
131,lego_pictures/pic_131.JPG,Wheel
132,lego_pictures/pic_132.JPG,Wheel
133,lego_pictures/pic_133.JPG,Wheel
134,lego_pictures/pic_134.JPG,Wheel
135,lego_pictures/pic_135.JPG,Wheel
136,lego_pictures/pic_136.JPG,Wheel
137,lego_pictures/pic_137.JPG,Wheel
138,lego_pictures/pic_138.JPG,Wheel
139,lego_pictures/pic_139.JPG,Wheel
140,lego_pictures/pic_140.JPG,Wheel
141,lego_pictures/pic_141.JPG,Wheel
142,lego_pictures/pic_142.JPG,Wheel
143,lego_pictures/pic_143.JPG,Wheel
144,lego_pictures/pic_144.JPG,Wheel
145,lego_pictures/pic_145.JPG,Wheel
146,lego_pictures/pic_146.JPG,Wheel
147,lego_pictures/pic_147.JPG,Wheel
148,lego_pictures/pic_148.JPG,Wheel
149,lego_pictures/pic_149.JPG,Wheel
150,lego_pictures/pic_150.JPG,Wheel
151,lego_pictures/pic_151.JPG,Wheel
152,lego_pictures/pic_152.JPG,Wheel
153,lego_pictures/pic_153.JPG,Wheel
154,lego_pictures/pic_154.JPG,Wheel
155,lego_pictures/pic_155.JPG,Wheel
156,lego_pictures/pic_156.JPG,Wheel
157,lego_pictures/pic_157.JPG,Wheel
158,lego_pictures/pic_158.JPG,Wheel
159,lego_pictures/pic_159.JPG,Wheel
160,lego_pictures/pic_160.JPG,Wheel
161,lego_pictures/pic_161.JPG,Wheel
162,lego_pictures/pic_162.JPG,Wheel
163,lego_pictures/pic_163.JPG,Wheel
164,lego_pictures/pic_164.JPG,Wheel
165,lego_pictures/pic_165.JPG,Wheel
166,lego_pictures/pic_166.JPG,Wheel
167,lego_pictures/pic_167.JPG,Wheel
168,lego_pictures/pic_168.JPG,Wheel
169,lego_pictures/pic_169.JPG,Wheel
170,lego_pictures/pic_170.JPG,Wheel
171,lego_pictures/pic_171.JPG,Wheel
172,lego_pictures/pic_172.JPG,Wheel
173,lego_pictures/pic_173.JPG,Wheel
174,lego_pictures/pic_174.JPG,Wheel
175,lego_pictures/pic_175.JPG,Wheel
176,lego_pictures/pic_176.JPG,Wheel
177,lego_pictures/pic_177.JPG,Wheel
178,lego_pictures/pic_178.JPG,Wheel
179,lego_pictures/pic_179.JPG,Wheel
180,lego_pictures/pic_180.JPG,Wheel
181,lego_pictures/pic_181.JPG,2x8-Flat
182,lego_pictures/pic_182.JPG,2x8-Flat
183,lego_pictures/pic_183.JPG,2x8-Flat
184,lego_pictures/pic_184.JPG,2x8-Flat
185,lego_pictures/pic_185.JPG,2x8-Flat
186,lego_pictures/pic_186.JPG,2x8-Flat
187,lego_pictures/pic_187.JPG,2x8-Flat
188,lego_pictures/pic_188.JPG,2x8-Flat
189,lego_pictures/pic_189.JPG,2x8-Flat
190,lego_pictures/pic_190.JPG,2x8-Flat
191,lego_pictures/pic_191.JPG,2x8-Flat
192,lego_pictures/pic_192.JPG,2x8-Flat
193,lego_pictures/pic_193.JPG,2x8-Flat
194,lego_pictures/pic_194.JPG,2x8-Flat
195,lego_pictures/pic_195.JPG,2x8-Flat
196,lego_pictures/pic_196.JPG,2x8-Flat
197,lego_pictures/pic_197.JPG,2x8-Flat
198,lego_pictures/pic_198.JPG,2x8-Flat
199,lego_pictures/pic_199.JPG,2x8-Flat
200,lego_pictures/pic_200.JPG,2x8-Flat
201,lego_pictures/pic_201.JPG,2x8-Flat
202,lego_pictures/pic_202.JPG,2x8-Flat
203,lego_pictures/pic_203.JPG,2x8-Flat
204,lego_pictures/pic_204.JPG,2x8-Flat
205,lego_pictures/pic_205.JPG,2x8-Flat
206,lego_pictures/pic_206.JPG,2x8-Flat
207,lego_pictures/pic_207.JPG,2x8-Flat
208,lego_pictures/pic_208.JPG,2x8-Flat
209,lego_pictures/pic_209.JPG,2x8-Flat
210,lego_pictures/pic_210.JPG,2x8-Flat
211,lego_pictures/pic_211.JPG,2x8-Flat
212,lego_pictures/pic_212.JPG,2x8-Flat
213,lego_pictures/pic_213.JPG,2x8-Flat
214,lego_pictures/pic_214.JPG,2x8-Flat
215,lego_pictures/pic_215.JPG,2x8-Flat
216,lego_pictures/pic_216.JPG,2x8-Flat
217,lego_pictures/pic_217.JPG,2x8-Flat
218,lego_pictures/pic_218.JPG,2x8-Flat
219,lego_pictures/pic_219.JPG,2x8-Flat
220,lego_pictures/pic_220.JPG,2x8-Flat
221,lego_pictures/pic_221.JPG,2x8-Flat
222,lego_pictures/pic_222.JPG,2x8-Flat
223,lego_pictures/pic_223.JPG,2x8-Flat
224,lego_pictures/pic_224.JPG,2x8-Flat
225,lego_pictures/pic_225.JPG,2x8-Flat
226,lego_pictures/pic_226.JPG,2x8-Flat
227,lego_pictures/pic_227.JPG,2x8-Flat
228,lego_pictures/pic_228.JPG,2x8-Flat
229,lego_pictures/pic_229.JPG,2x8-Flat
230,lego_pictures/pic_230.JPG,2x8-Flat
231,lego_pictures/pic_231.JPG,2x8-Flat
232,lego_pictures/pic_232.JPG,2x8-Flat
233,lego_pictures/pic_233.JPG,2x8-Flat
234,lego_pictures/pic_234.JPG,2x8-Flat
235,lego_pictures/pic_235.JPG,2x8-Flat
236,lego_pictures/pic_236.JPG,2x8-Flat
237,lego_pictures/pic_237.JPG,2x8-Flat
238,lego_pictures/pic_238.JPG,2x8-Flat
239,lego_pictures/pic_239.JPG,2x8-Flat
240,lego_pictures/pic_240.JPG,2x8-Flat
241,lego_pictures/pic_241.JPG,2x6-Flat
242,lego_pictures/pic_242.JPG,2x6-Flat
243,lego_pictures/pic_243.JPG,2x6-Flat
244,lego_pictures/pic_244.JPG,2x6-Flat
245,lego_pictures/pic_245.JPG,2x6-Flat
246,lego_pictures/pic_246.JPG,2x6-Flat
247,lego_pictures/pic_247.JPG,2x6-Flat
248,lego_pictures/pic_248.JPG,2x6-Flat
249,lego_pictures/pic_249.JPG,2x6-Flat
250,lego_pictures/pic_250.JPG,2x6-Flat
251,lego_pictures/pic_251.JPG,2x6-Flat
252,lego_pictures/pic_252.JPG,2x6-Flat
253,lego_pictures/pic_253.JPG,2x6-Flat
254,lego_pictures/pic_254.JPG,2x6-Flat
255,lego_pictures/pic_255.JPG,2x6-Flat
256,lego_pictures/pic_256.JPG,2x6-Flat
257,lego_pictures/pic_257.JPG,2x6-Flat
258,lego_pictures/pic_258.JPG,2x6-Flat
259,lego_pictures/pic_259.JPG,2x6-Flat
260,lego_pictures/pic_260.JPG,2x6-Flat
261,lego_pictures/pic_261.JPG,2x6-Flat
262,lego_pictures/pic_262.JPG,2x6-Flat
263,lego_pictures/pic_263.JPG,2x6-Flat
264,lego_pictures/pic_264.JPG,2x6-Flat
265,lego_pictures/pic_265.JPG,2x6-Flat
266,lego_pictures/pic_266.JPG,2x6-Flat
267,lego_pictures/pic_267.JPG,2x6-Flat
268,lego_pictures/pic_268.JPG,2x6-Flat
269,lego_pictures/pic_269.JPG,2x6-Flat
270,lego_pictures/pic_270.JPG,2x6-Flat
271,lego_pictures/pic_271.JPG,2x6-Flat
272,lego_pictures/pic_272.JPG,2x6-Flat
273,lego_pictures/pic_273.JPG,2x6-Flat
274,lego_pictures/pic_274.JPG,2x6-Flat
275,lego_pictures/pic_275.JPG,2x6-Flat
276,lego_pictures/pic_276.JPG,2x6-Flat
277,lego_pictures/pic_277.JPG,2x6-Flat
278,lego_pictures/pic_278.JPG,2x6-Flat
279,lego_pictures/pic_279.JPG,2x6-Flat
280,lego_pictures/pic_280.JPG,2x6-Flat
281,lego_pictures/pic_281.JPG,2x6-Flat
282,lego_pictures/pic_282.JPG,2x6-Flat
283,lego_pictures/pic_283.JPG,2x6-Flat
284,lego_pictures/pic_284.JPG,2x6-Flat
285,lego_pictures/pic_285.JPG,2x6-Flat
286,lego_pictures/pic_286.JPG,2x6-Flat
287,lego_pictures/pic_287.JPG,2x6-Flat
288,lego_pictures/pic_288.JPG,2x6-Flat
289,lego_pictures/pic_289.JPG,2x6-Flat
290,lego_pictures/pic_290.JPG,2x6-Flat
291,lego_pictures/pic_291.JPG,2x6-Flat
292,lego_pictures/pic_292.JPG,2x6-Flat
293,lego_pictures/pic_293.JPG,2x6-Flat
294,lego_pictures/pic_294.JPG,2x6-Flat
295,lego_pictures/pic_295.JPG,2x6-Flat
296,lego_pictures/pic_296.JPG,2x6-Flat
297,lego_pictures/pic_297.JPG,2x6-Flat
298,lego_pictures/pic_298.JPG,2x6-Flat
299,lego_pictures/pic_299.JPG,2x6-Flat
300,lego_pictures/pic_300.JPG,2x6-Flat
301,lego_pictures/pic_301.JPG,Chair-Piece
302,lego_pictures/pic_302.JPG,Chair-Piece
303,lego_pictures/pic_303.JPG,Chair-Piece
304,lego_pictures/pic_304.JPG,Chair-Piece
305,lego_pictures/pic_305.JPG,Chair-Piece
306,lego_pictures/pic_306.JPG,Chair-Piece
307,lego_pictures/pic_307.JPG,Chair-Piece
308,lego_pictures/pic_308.JPG,Chair-Piece
309,lego_pictures/pic_309.JPG,Chair-Piece
310,lego_pictures/pic_310.JPG,Chair-Piece
311,lego_pictures/pic_311.JPG,Chair-Piece
312,lego_pictures/pic_312.JPG,Chair-Piece
313,lego_pictures/pic_313.JPG,Chair-Piece
314,lego_pictures/pic_314.JPG,Chair-Piece
315,lego_pictures/pic_315.JPG,Chair-Piece
316,lego_pictures/pic_316.JPG,Chair-Piece
317,lego_pictures/pic_317.JPG,Chair-Piece
318,lego_pictures/pic_318.JPG,Chair-Piece
319,lego_pictures/pic_319.JPG,Chair-Piece
320,lego_pictures/pic_320.JPG,Chair-Piece
321,lego_pictures/pic_321.JPG,Chair-Piece
322,lego_pictures/pic_322.JPG,Chair-Piece
323,lego_pictures/pic_323.JPG,Chair-Piece
324,lego_pictures/pic_324.JPG,Chair-Piece
325,lego_pictures/pic_325.JPG,Chair-Piece
326,lego_pictures/pic_326.JPG,Chair-Piece
327,lego_pictures/pic_327.JPG,Chair-Piece
328,lego_pictures/pic_328.JPG,Chair-Piece
329,lego_pictures/pic_329.JPG,Chair-Piece
330,lego_pictures/pic_330.JPG,Chair-Piece
331,lego_pictures/pic_331.JPG,Chair-Piece
332,lego_pictures/pic_332.JPG,Chair-Piece
333,lego_pictures/pic_333.JPG,Chair-Piece
334,lego_pictures/pic_334.JPG,Chair-Piece
335,lego_pictures/pic_335.JPG,Chair-Piece
336,lego_pictures/pic_336.JPG,Chair-Piece
337,lego_pictures/pic_337.JPG,Chair-Piece
338,lego_pictures/pic_338.JPG,Chair-Piece
339,lego_pictures/pic_339.JPG,Chair-Piece
340,lego_pictures/pic_340.JPG,Chair-Piece
341,lego_pictures/pic_341.JPG,Chair-Piece
342,lego_pictures/pic_342.JPG,Chair-Piece
343,lego_pictures/pic_343.JPG,Chair-Piece
344,lego_pictures/pic_344.JPG,Chair-Piece
345,lego_pictures/pic_345.JPG,Chair-Piece
346,lego_pictures/pic_346.JPG,Chair-Piece
347,lego_pictures/pic_347.JPG,Chair-Piece
348,lego_pictures/pic_348.JPG,Chair-Piece
349,lego_pictures/pic_349.JPG,Chair-Piece
350,lego_pictures/pic_350.JPG,Chair-Piece
351,lego_pictures/pic_351.JPG,Chair-Piece
352,lego_pictures/pic_352.JPG,Chair-Piece
353,lego_pictures/pic_353.JPG,Chair-Piece
354,lego_pictures/pic_354.JPG,Chair-Piece
355,lego_pictures/pic_355.JPG,Chair-Piece
356,lego_pictures/pic_356.JPG,Chair-Piece
357,lego_pictures/pic_357.JPG,Chair-Piece
358,lego_pictures/pic_358.JPG,Chair-Piece
359,lego_pictures/pic_359.JPG,Chair-Piece
360,lego_pictures/pic_360.JPG,Chair-Piece
361,lego_pictures/pic_361.JPG,Lego_Head
362,lego_pictures/pic_362.JPG,Lego_Head
363,lego_pictures/pic_363.JPG,Lego_Head
364,lego_pictures/pic_364.JPG,Lego_Head
365,lego_pictures/pic_365.JPG,Lego_Head
366,lego_pictures/pic_366.JPG,Lego_Head
367,lego_pictures/pic_367.JPG,Lego_Head
368,lego_pictures/pic_368.JPG,Lego_Head
369,lego_pictures/pic_369.JPG,Lego_Head
370,lego_pictures/pic_370.JPG,Lego_Head
371,lego_pictures/pic_371.JPG,Lego_Head
372,lego_pictures/pic_372.JPG,Lego_Head
373,lego_pictures/pic_373.JPG,Lego_Head
374,lego_pictures/pic_374.JPG,Lego_Head
375,lego_pictures/pic_375.JPG,Lego_Head
376,lego_pictures/pic_376.JPG,Lego_Head
377,lego_pictures/pic_377.JPG,Lego_Head
378,lego_pictures/pic_378.JPG,Lego_Head
379,lego_pictures/pic_379.JPG,Lego_Head
380,lego_pictures/pic_380.JPG,Lego_Head
381,lego_pictures/pic_381.JPG,Lego_Head
382,lego_pictures/pic_382.JPG,Lego_Head
383,lego_pictures/pic_383.JPG,Lego_Head
384,lego_pictures/pic_384.JPG,Lego_Head
385,lego_pictures/pic_385.JPG,Lego_Head
386,lego_pictures/pic_386.JPG,Lego_Head
387,lego_pictures/pic_387.JPG,Lego_Head
388,lego_pictures/pic_388.JPG,Lego_Head
389,lego_pictures/pic_389.JPG,Lego_Head
390,lego_pictures/pic_390.JPG,Lego_Head
391,lego_pictures/pic_391.JPG,Lego_Head
392,lego_pictures/pic_392.JPG,Lego_Head
393,lego_pictures/pic_393.JPG,Lego_Head
394,lego_pictures/pic_394.JPG,Lego_Head
395,lego_pictures/pic_395.JPG,Lego_Head
396,lego_pictures/pic_396.JPG,Lego_Head
397,lego_pictures/pic_397.JPG,Lego_Head
398,lego_pictures/pic_398.JPG,Lego_Head
399,lego_pictures/pic_399.JPG,Lego_Head
400,lego_pictures/pic_400.JPG,Lego_Head
401,lego_pictures/pic_401.JPG,Lego_Head
402,lego_pictures/pic_402.JPG,Lego_Head
403,lego_pictures/pic_403.JPG,Lego_Head
404,lego_pictures/pic_404.JPG,Lego_Head
405,lego_pictures/pic_405.JPG,Lego_Head
406,lego_pictures/pic_406.JPG,Lego_Head
407,lego_pictures/pic_407.JPG,Lego_Head
408,lego_pictures/pic_408.JPG,Lego_Head
409,lego_pictures/pic_409.JPG,Lego_Head
410,lego_pictures/pic_410.JPG,Lego_Head
411,lego_pictures/pic_411.JPG,Lego_Head
412,lego_pictures/pic_412.JPG,Lego_Head
413,lego_pictures/pic_413.JPG,Lego_Head
414,lego_pictures/pic_414.JPG,Lego_Head
415,lego_pictures/pic_415.JPG,Lego_Head
416,lego_pictures/pic_416.JPG,Lego_Head
417,lego_pictures/pic_417.JPG,Lego_Head
418,lego_pictures/pic_418.JPG,Lego_Head
419,lego_pictures/pic_419.JPG,Lego_Head
420,lego_pictures/pic_420.JPG,Lego_Head
421,lego_pictures/pic_421.JPG,Hinge
422,lego_pictures/pic_422.JPG,Hinge
423,lego_pictures/pic_423.JPG,Hinge
424,lego_pictures/pic_424.JPG,Hinge
425,lego_pictures/pic_425.JPG,Hinge
426,lego_pictures/pic_426.JPG,Hinge
427,lego_pictures/pic_427.JPG,Hinge
428,lego_pictures/pic_428.JPG,Hinge
429,lego_pictures/pic_429.JPG,Hinge
430,lego_pictures/pic_430.JPG,Hinge
431,lego_pictures/pic_431.JPG,Hinge
432,lego_pictures/pic_432.JPG,Hinge
433,lego_pictures/pic_433.JPG,Hinge
434,lego_pictures/pic_434.JPG,Hinge
435,lego_pictures/pic_435.JPG,Hinge
436,lego_pictures/pic_436.JPG,Hinge
437,lego_pictures/pic_437.JPG,Hinge
438,lego_pictures/pic_438.JPG,Hinge
439,lego_pictures/pic_439.JPG,Hinge
440,lego_pictures/pic_440.JPG,Hinge
441,lego_pictures/pic_441.JPG,Hinge
442,lego_pictures/pic_442.JPG,Hinge
443,lego_pictures/pic_443.JPG,Hinge
444,lego_pictures/pic_444.JPG,Hinge
445,lego_pictures/pic_445.JPG,Hinge
446,lego_pictures/pic_446.JPG,Hinge
447,lego_pictures/pic_447.JPG,Hinge
448,lego_pictures/pic_448.JPG,Hinge
449,lego_pictures/pic_449.JPG,Hinge
450,lego_pictures/pic_450.JPG,Hinge
451,lego_pictures/pic_451.JPG,Hinge
452,lego_pictures/pic_452.JPG,Hinge
453,lego_pictures/pic_453.JPG,Hinge
454,lego_pictures/pic_454.JPG,Hinge
455,lego_pictures/pic_455.JPG,Hinge
456,lego_pictures/pic_456.JPG,Hinge
457,lego_pictures/pic_457.JPG,Hinge
458,lego_pictures/pic_458.JPG,Hinge
459,lego_pictures/pic_459.JPG,Hinge
460,lego_pictures/pic_460.JPG,Hinge
461,lego_pictures/pic_461.JPG,Hinge
462,lego_pictures/pic_462.JPG,Hinge
463,lego_pictures/pic_463.JPG,Hinge
464,lego_pictures/pic_464.JPG,Hinge
465,lego_pictures/pic_465.JPG,Hinge
466,lego_pictures/pic_466.JPG,Hinge
467,lego_pictures/pic_467.JPG,Hinge
468,lego_pictures/pic_468.JPG,Hinge
469,lego_pictures/pic_469.JPG,Hinge
470,lego_pictures/pic_470.JPG,Hinge
471,lego_pictures/pic_471.JPG,Hinge
472,lego_pictures/pic_472.JPG,Hinge
473,lego_pictures/pic_473.JPG,Hinge
474,lego_pictures/pic_474.JPG,Hinge
475,lego_pictures/pic_475.JPG,Hinge
476,lego_pictures/pic_476.JPG,Hinge
477,lego_pictures/pic_477.JPG,Hinge
478,lego_pictures/pic_478.JPG,Hinge
479,lego_pictures/pic_479.JPG,Hinge
480,lego_pictures/pic_480.JPG,Hinge
481,lego_pictures/pic_481.JPG,Rod
482,lego_pictures/pic_482.JPG,Rod
483,lego_pictures/pic_483.JPG,Rod
484,lego_pictures/pic_484.JPG,Rod
485,lego_pictures/pic_485.JPG,Rod
486,lego_pictures/pic_486.JPG,Rod
487,lego_pictures/pic_487.JPG,Rod
488,lego_pictures/pic_488.JPG,Rod
489,lego_pictures/pic_489.JPG,Rod
490,lego_pictures/pic_490.JPG,Rod
491,lego_pictures/pic_491.JPG,Rod
492,lego_pictures/pic_492.JPG,Rod
493,lego_pictures/pic_493.JPG,Rod
494,lego_pictures/pic_494.JPG,Rod
495,lego_pictures/pic_495.JPG,Rod
496,lego_pictures/pic_496.JPG,Rod
497,lego_pictures/pic_497.JPG,Rod
498,lego_pictures/pic_498.JPG,Rod
499,lego_pictures/pic_499.JPG,Rod
500,lego_pictures/pic_500.JPG,Rod
501,lego_pictures/pic_501.JPG,Rod
502,lego_pictures/pic_502.JPG,Rod
503,lego_pictures/pic_503.JPG,Rod
504,lego_pictures/pic_504.JPG,Rod
505,lego_pictures/pic_505.JPG,Rod
506,lego_pictures/pic_506.JPG,Rod
507,lego_pictures/pic_507.JPG,Rod
508,lego_pictures/pic_508.JPG,Rod
509,lego_pictures/pic_509.JPG,Rod
510,lego_pictures/pic_510.JPG,Rod
511,lego_pictures/pic_511.JPG,Rod
512,lego_pictures/pic_512.JPG,Rod
513,lego_pictures/pic_513.JPG,Rod
514,lego_pictures/pic_514.JPG,Rod
515,lego_pictures/pic_515.JPG,Rod
516,lego_pictures/pic_516.JPG,Rod
517,lego_pictures/pic_517.JPG,Rod
518,lego_pictures/pic_518.JPG,Rod
519,lego_pictures/pic_519.JPG,Rod
520,lego_pictures/pic_520.JPG,Rod
521,lego_pictures/pic_521.JPG,Rod
522,lego_pictures/pic_522.JPG,Rod
523,lego_pictures/pic_523.JPG,Rod
524,lego_pictures/pic_524.JPG,Rod
525,lego_pictures/pic_525.JPG,Rod
526,lego_pictures/pic_526.JPG,Rod
527,lego_pictures/pic_527.JPG,Rod
528,lego_pictures/pic_528.JPG,Rod
529,lego_pictures/pic_529.JPG,Rod
530,lego_pictures/pic_530.JPG,Rod
531,lego_pictures/pic_531.JPG,Rod
532,lego_pictures/pic_532.JPG,Rod
533,lego_pictures/pic_533.JPG,Rod
534,lego_pictures/pic_534.JPG,Rod
535,lego_pictures/pic_535.JPG,Rod
536,lego_pictures/pic_536.JPG,Rod
537,lego_pictures/pic_537.JPG,Rod
538,lego_pictures/pic_538.JPG,Rod
539,lego_pictures/pic_539.JPG,Rod
540,lego_pictures/pic_540.JPG,Rod
541,lego_pictures/pic_541.JPG,1x1-Round
542,lego_pictures/pic_542.JPG,1x1-Round
543,lego_pictures/pic_543.JPG,1x1-Round
544,lego_pictures/pic_544.JPG,1x1-Round
545,lego_pictures/pic_545.JPG,1x1-Round
546,lego_pictures/pic_546.JPG,1x1-Round
547,lego_pictures/pic_547.JPG,1x1-Round
548,lego_pictures/pic_548.JPG,1x1-Round
549,lego_pictures/pic_549.JPG,1x1-Round
550,lego_pictures/pic_550.JPG,1x1-Round
551,lego_pictures/pic_551.JPG,1x1-Round
552,lego_pictures/pic_552.JPG,1x1-Round
553,lego_pictures/pic_553.JPG,1x1-Round
554,lego_pictures/pic_554.JPG,1x1-Round
555,lego_pictures/pic_555.JPG,1x1-Round
556,lego_pictures/pic_556.JPG,1x1-Round
557,lego_pictures/pic_557.JPG,1x1-Round
558,lego_pictures/pic_558.JPG,1x1-Round
559,lego_pictures/pic_559.JPG,1x1-Round
560,lego_pictures/pic_560.JPG,1x1-Round
561,lego_pictures/pic_561.JPG,1x1-Round
562,lego_pictures/pic_562.JPG,1x1-Round
563,lego_pictures/pic_563.JPG,1x1-Round
564,lego_pictures/pic_564.JPG,1x1-Round
565,lego_pictures/pic_565.JPG,1x1-Round
566,lego_pictures/pic_566.JPG,1x1-Round
567,lego_pictures/pic_567.JPG,1x1-Round
568,lego_pictures/pic_568.JPG,1x1-Round
569,lego_pictures/pic_569.JPG,1x1-Round
570,lego_pictures/pic_570.JPG,1x1-Round
571,lego_pictures/pic_571.JPG,1x1-Round
572,lego_pictures/pic_572.JPG,1x1-Round
573,lego_pictures/pic_573.JPG,1x1-Round
574,lego_pictures/pic_574.JPG,1x1-Round
575,lego_pictures/pic_575.JPG,1x1-Round
576,lego_pictures/pic_576.JPG,1x1-Round
577,lego_pictures/pic_577.JPG,1x1-Round
578,lego_pictures/pic_578.JPG,1x1-Round
579,lego_pictures/pic_579.JPG,1x1-Round
580,lego_pictures/pic_580.JPG,1x1-Round
581,lego_pictures/pic_581.JPG,1x1-Round
582,lego_pictures/pic_582.JPG,1x1-Round
583,lego_pictures/pic_583.JPG,1x1-Round
584,lego_pictures/pic_584.JPG,1x1-Round
585,lego_pictures/pic_585.JPG,1x1-Round
586,lego_pictures/pic_586.JPG,1x1-Round
587,lego_pictures/pic_587.JPG,1x1-Round
588,lego_pictures/pic_588.JPG,1x1-Round
589,lego_pictures/pic_589.JPG,1x1-Round
590,lego_pictures/pic_590.JPG,1x1-Round
591,lego_pictures/pic_591.JPG,1x1-Round
592,lego_pictures/pic_592.JPG,1x1-Round
593,lego_pictures/pic_593.JPG,1x1-Round
594,lego_pictures/pic_594.JPG,1x1-Round
595,lego_pictures/pic_595.JPG,1x1-Round
596,lego_pictures/pic_596.JPG,1x1-Round
597,lego_pictures/pic_597.JPG,1x1-Round
598,lego_pictures/pic_598.JPG,1x1-Round
599,lego_pictures/pic_599.JPG,1x1-Round
600,lego_pictures/pic_600.JPG,1x1-Round
